CustomerID,Date,Amount,IsPromo
CUST_021,2025-01-01,32.87,0
CUST_089,2025-01-01,46.48,1
CUST_010,2025-01-01,40.58,0
CUST_108,2025-01-01,51.16,1
CUST_029,2025-01-01,46.95,1
CUST_036,2025-01-01,30.69,0
CUST_006,2025-01-01,35.88,0
CUST_130,2025-01-01,34.29,0
CUST_010,2025-01-01,41.34,0
CUST_128,2025-01-01,58.66,0
CUST_082,2025-01-01,33.62,0
CUST_024,2025-01-01,48.65,1
CUST_022,2025-01-01,37.45,0
CUST_033,2025-01-02,86.5,1
CUST_011,2025-01-02,34.06,0
CUST_037,2025-01-02,41.32,0
CUST_086,2025-01-02,41.95,0
CUST_131,2025-01-02,36.89,0
CUST_017,2025-01-03,48.97,1
CUST_118,2025-01-03,30.54,0
CUST_035,2025-01-03,35.7,0
CUST_093,2025-01-03,37.2,0
CUST_110,2025-01-03,38.34,0
CUST_082,2025-01-03,60.23,1
CUST_059,2025-01-03,45.33,0
CUST_076,2025-01-04,73.67,0
CUST_020,2025-01-04,60.36,0
CUST_095,2025-01-04,75.03,1
CUST_047,2025-01-04,70.87,0
CUST_104,2025-01-04,77.57,0
CUST_139,2025-01-04,73.33,0
CUST_079,2025-01-05,77.95,0
CUST_005,2025-01-05,60.28,0
CUST_017,2025-01-05,100.84,1
CUST_014,2025-01-05,70.35,0
CUST_100,2025-01-05,69.44,0
CUST_117,2025-01-05,97.47,1
CUST_072,2025-01-05,80.29,1
CUST_106,2025-01-05,60.08,0
CUST_054,2025-01-05,82.37,1
CUST_137,2025-01-05,68.05,0
CUST_060,2025-01-06,47.52,0
CUST_023,2025-01-06,35.24,0
CUST_002,2025-01-06,31.78,0
CUST_102,2025-01-06,32.83,0
CUST_136,2025-01-06,38.13,0
CUST_026,2025-01-06,45.82,1
CUST_042,2025-01-07,61.35,1
CUST_065,2025-01-07,45.5,1
CUST_012,2025-01-07,59.01,1
CUST_044,2025-01-08,38.35,0
CUST_109,2025-01-08,64.92,1
CUST_123,2025-01-08,47.03,0
CUST_139,2025-01-08,40.19,0
CUST_119,2025-01-08,35.64,0
CUST_038,2025-01-08,33.55,0
CUST_011,2025-01-08,51.24,1
CUST_147,2025-01-08,37.21,0
CUST_095,2025-01-08,33.75,0
CUST_014,2025-01-09,45.68,0
CUST_109,2025-01-09,35.26,0
CUST_039,2025-01-09,71.36,1
CUST_150,2025-01-09,74.66,1
CUST_055,2025-01-09,34.66,0
CUST_140,2025-01-09,40.86,0
CUST_007,2025-01-10,36.95,0
CUST_052,2025-01-10,48.83,1
CUST_088,2025-01-10,33.17,0
CUST_136,2025-01-10,31.12,0
CUST_060,2025-01-11,87.09,1
CUST_142,2025-01-11,60.79,0
CUST_016,2025-01-11,92.8,1
CUST_073,2025-01-11,97.08,0
CUST_069,2025-01-11,78.86,1
CUST_106,2025-01-12,73.07,0
CUST_026,2025-01-12,63.21,0
CUST_122,2025-01-12,76.08,0
CUST_106,2025-01-12,75.8,1
CUST_003,2025-01-12,68.59,0
CUST_059,2025-01-12,84.45,1
CUST_012,2025-01-12,95.02,1
CUST_148,2025-01-12,74.49,0
CUST_039,2025-01-13,36.82,0
CUST_091,2025-01-13,46.05,1
CUST_033,2025-01-13,34.23,0
CUST_116,2025-01-13,41.73,0
CUST_012,2025-01-13,49.12,1
CUST_070,2025-01-13,43.14,0
CUST_078,2025-01-14,54.88,0
CUST_037,2025-01-14,53.51,0
CUST_085,2025-01-14,57.88,1
CUST_093,2025-01-14,102.79,1
CUST_142,2025-01-14,54.03,1
CUST_099,2025-01-14,62.94,1
CUST_144,2025-01-14,45.25,1
CUST_026,2025-01-15,35.35,0
CUST_125,2025-01-15,36.07,0
CUST_024,2025-01-15,31.56,0
CUST_025,2025-01-15,30.29,0
CUST_042,2025-01-15,48.63,1
CUST_062,2025-01-15,33.94,0
CUST_067,2025-01-15,41.11,0
CUST_105,2025-01-15,52.48,0
CUST_030,2025-01-15,59.8,1
CUST_032,2025-01-16,31.91,0
CUST_043,2025-01-16,42.63,0
CUST_053,2025-01-16,50.77,1
CUST_072,2025-01-17,30.99,0
CUST_149,2025-01-17,38.0,0
CUST_045,2025-01-17,37.38,0
CUST_117,2025-01-17,37.72,0
CUST_097,2025-01-17,30.37,0
CUST_133,2025-01-17,40.17,0
CUST_095,2025-01-17,45.18,0
CUST_019,2025-01-18,77.68,1
CUST_091,2025-01-18,60.14,0
CUST_032,2025-01-18,64.38,0
CUST_053,2025-01-19,77.64,1
CUST_021,2025-01-19,62.24,0
CUST_085,2025-01-19,67.66,0
CUST_130,2025-01-19,65.42,0
CUST_028,2025-01-19,70.14,0
CUST_098,2025-01-20,47.89,0
CUST_002,2025-01-20,30.86,0
CUST_148,2025-01-20,54.45,0
CUST_036,2025-01-21,33.39,0
CUST_087,2025-01-21,61.46,1
CUST_120,2025-01-21,55.73,1
CUST_123,2025-01-21,66.93,1
CUST_111,2025-01-21,51.75,1
CUST_018,2025-01-21,30.52,0
CUST_096,2025-01-21,30.16,0
CUST_020,2025-01-21,32.55,0
CUST_079,2025-01-22,87.2,1
CUST_119,2025-01-22,59.62,1
CUST_073,2025-01-22,45.45,0
CUST_135,2025-01-22,52.19,1
CUST_141,2025-01-23,47.75,1
CUST_017,2025-01-23,49.88,0
CUST_087,2025-01-23,74.67,0
CUST_130,2025-01-23,73.22,0
CUST_131,2025-01-23,44.96,0
CUST_087,2025-01-23,38.97,0
CUST_114,2025-01-24,39.13,0
CUST_059,2025-01-24,33.7,0
CUST_108,2025-01-24,33.3,0
CUST_011,2025-01-24,65.83,1
CUST_040,2025-01-24,56.22,1
CUST_141,2025-01-25,79.77,1
CUST_013,2025-01-25,89.33,0
CUST_076,2025-01-25,67.19,0
CUST_059,2025-01-25,77.91,0
CUST_033,2025-01-25,60.84,0
CUST_097,2025-01-25,75.1,1
CUST_018,2025-01-25,81.29,1
CUST_091,2025-01-26,62.66,0
CUST_069,2025-01-26,135.42,1
CUST_035,2025-01-26,78.82,1
CUST_048,2025-01-26,60.97,0
CUST_082,2025-01-26,79.64,1
CUST_150,2025-01-26,61.18,0
CUST_008,2025-01-26,65.19,0
CUST_145,2025-01-27,30.68,0
CUST_063,2025-01-27,45.3,0
CUST_067,2025-01-27,50.37,1
CUST_101,2025-01-27,35.31,0
CUST_105,2025-01-27,33.07,0
CUST_026,2025-01-27,55.56,0
CUST_036,2025-01-27,34.23,0
CUST_077,2025-01-28,44.97,0
CUST_119,2025-01-28,31.9,0
CUST_109,2025-01-28,33.28,0
CUST_076,2025-01-28,38.06,0
CUST_042,2025-01-28,47.79,1
CUST_104,2025-01-28,31.83,0
CUST_076,2025-01-28,49.53,0
CUST_109,2025-01-28,31.3,0
CUST_037,2025-01-28,73.94,1
CUST_141,2025-01-29,67.95,1
CUST_122,2025-01-29,32.48,0
CUST_136,2025-01-29,31.12,0
CUST_103,2025-01-29,40.73,0
CUST_087,2025-01-29,32.23,0
CUST_081,2025-01-29,44.76,0
CUST_069,2025-01-29,33.52,0
CUST_131,2025-01-30,53.48,1
CUST_107,2025-01-30,32.73,0
CUST_036,2025-01-30,56.44,1
CUST_113,2025-01-30,37.41,0
CUST_029,2025-01-30,47.39,0
CUST_025,2025-01-30,37.34,0
CUST_130,2025-01-30,39.02,0
CUST_138,2025-01-31,52.41,1
CUST_136,2025-01-31,54.17,0
CUST_149,2025-02-01,82.62,0
CUST_148,2025-02-01,68.09,0
CUST_097,2025-02-01,64.51,0
CUST_048,2025-02-01,67.17,0
CUST_009,2025-02-02,85.13,1
CUST_046,2025-02-02,103.59,1
CUST_027,2025-02-02,77.61,0
CUST_063,2025-02-02,75.0,0
CUST_150,2025-02-02,60.52,0
CUST_041,2025-02-02,76.39,0
CUST_013,2025-02-02,75.0,0
CUST_082,2025-02-02,85.8,0
CUST_046,2025-02-02,70.91,0
CUST_149,2025-02-02,60.43,0
CUST_147,2025-02-03,60.8,1
CUST_064,2025-02-03,42.26,0
CUST_010,2025-02-03,51.57,0
CUST_050,2025-02-03,45.64,1
CUST_012,2025-02-03,38.03,0
CUST_035,2025-02-03,33.4,0
CUST_017,2025-02-04,70.78,1
CUST_034,2025-02-04,34.94,0
CUST_029,2025-02-04,73.95,0
CUST_145,2025-02-04,33.84,0
CUST_124,2025-02-04,35.73,0
CUST_032,2025-02-04,36.24,0
CUST_049,2025-02-04,37.21,0
CUST_060,2025-02-04,50.3,1
CUST_049,2025-02-05,47.12,1
CUST_144,2025-02-05,58.24,1
CUST_056,2025-02-05,52.8,1
CUST_034,2025-02-05,67.63,0
CUST_022,2025-02-05,60.4,1
CUST_111,2025-02-05,35.64,0
CUST_017,2025-02-05,37.01,0
CUST_121,2025-02-06,42.49,0
CUST_101,2025-02-06,44.34,0
CUST_098,2025-02-06,40.0,0
CUST_114,2025-02-06,46.16,0
CUST_041,2025-02-06,34.12,0
CUST_005,2025-02-06,36.77,0
CUST_114,2025-02-07,39.89,0
CUST_142,2025-02-07,43.78,0
CUST_080,2025-02-07,30.63,0
CUST_133,2025-02-07,31.36,0
CUST_008,2025-02-07,36.71,0
CUST_082,2025-02-07,30.14,0
CUST_060,2025-02-07,34.34,0
CUST_046,2025-02-07,34.04,0
CUST_068,2025-02-07,47.73,0
CUST_110,2025-02-07,52.08,0
CUST_014,2025-02-07,30.16,0
CUST_039,2025-02-08,60.46,0
CUST_035,2025-02-08,76.7,1
CUST_066,2025-02-08,69.1,0
CUST_007,2025-02-08,68.97,0
CUST_084,2025-02-08,76.86,1
CUST_062,2025-02-08,93.17,1
CUST_107,2025-02-08,80.28,0
CUST_036,2025-02-08,78.25,1
CUST_109,2025-02-08,94.47,1
CUST_108,2025-02-08,74.39,0
CUST_081,2025-02-09,75.32,0
CUST_073,2025-02-09,65.07,0
CUST_003,2025-02-09,67.93,0
CUST_096,2025-02-09,63.91,0
CUST_136,2025-02-09,70.55,0
CUST_104,2025-02-10,47.86,0
CUST_009,2025-02-10,50.24,1
CUST_085,2025-02-10,31.24,0
CUST_122,2025-02-10,50.86,1
CUST_020,2025-02-11,40.4,0
CUST_137,2025-02-11,36.78,0
CUST_084,2025-02-11,46.0,1
CUST_149,2025-02-11,48.51,1
CUST_130,2025-02-11,55.81,0
CUST_086,2025-02-11,47.16,1
CUST_150,2025-02-12,38.2,0
CUST_079,2025-02-12,45.92,1
CUST_023,2025-02-12,38.65,0
CUST_146,2025-02-12,31.7,0
CUST_137,2025-02-13,50.69,0
CUST_118,2025-02-13,37.79,0
CUST_103,2025-02-13,41.62,0
CUST_038,2025-02-13,45.63,0
CUST_136,2025-02-13,35.45,0
CUST_039,2025-02-13,34.09,0
CUST_060,2025-02-14,33.83,0
CUST_017,2025-02-14,46.26,1
CUST_103,2025-02-14,32.36,0
CUST_125,2025-02-14,42.48,0
CUST_015,2025-02-15,62.42,0
CUST_126,2025-02-15,60.49,0
CUST_106,2025-02-15,71.99,0
CUST_146,2025-02-15,72.27,0
CUST_109,2025-02-15,73.41,0
CUST_062,2025-02-15,81.27,1
CUST_086,2025-02-15,68.76,0
CUST_141,2025-02-16,72.13,0
CUST_012,2025-02-16,71.37,0
CUST_043,2025-02-16,86.86,1
CUST_148,2025-02-16,92.52,1
CUST_055,2025-02-16,75.3,1
CUST_130,2025-02-16,64.85,0
CUST_120,2025-02-16,61.8,0
CUST_042,2025-02-16,61.6,0
CUST_078,2025-02-16,60.05,0
CUST_145,2025-02-16,75.15,1
CUST_143,2025-02-16,81.81,0
CUST_037,2025-02-16,62.37,0
CUST_143,2025-02-17,45.15,1
CUST_124,2025-02-17,31.73,0
CUST_072,2025-02-17,36.44,0
CUST_025,2025-02-17,47.24,1
CUST_089,2025-02-17,39.66,0
CUST_108,2025-02-17,52.66,1
CUST_122,2025-02-17,37.52,0
CUST_057,2025-02-17,32.43,0
CUST_088,2025-02-18,31.99,0
CUST_120,2025-02-18,41.56,0
CUST_130,2025-02-18,30.62,0
CUST_038,2025-02-18,40.99,0
CUST_008,2025-02-18,85.89,0
CUST_134,2025-02-18,31.45,0
CUST_089,2025-02-18,30.0,0
CUST_009,2025-02-19,46.5,1
CUST_129,2025-02-19,35.58,0
CUST_108,2025-02-19,71.33,1
CUST_002,2025-02-19,40.03,0
CUST_098,2025-02-20,32.45,0
CUST_008,2025-02-20,30.3,0
CUST_068,2025-02-20,46.62,0
CUST_143,2025-02-20,56.67,1
CUST_062,2025-02-20,36.85,0
CUST_054,2025-02-20,35.87,0
CUST_054,2025-02-20,32.28,0
CUST_112,2025-02-20,33.26,0
CUST_015,2025-02-20,45.48,1
CUST_029,2025-02-21,39.58,0
CUST_143,2025-02-21,44.98,0
CUST_141,2025-02-21,39.38,0
CUST_124,2025-02-21,41.82,0
CUST_039,2025-02-21,36.72,0
CUST_056,2025-02-21,55.84,0
CUST_023,2025-02-22,61.56,0
CUST_128,2025-02-22,75.38,0
CUST_144,2025-02-22,60.3,0
CUST_072,2025-02-22,67.14,0
CUST_024,2025-02-22,64.71,0
CUST_052,2025-02-22,75.36,0
CUST_144,2025-02-22,131.74,1
CUST_103,2025-02-22,70.94,0
CUST_074,2025-02-22,81.63,0
CUST_033,2025-02-22,90.69,0
CUST_005,2025-02-23,90.48,1
CUST_119,2025-02-23,76.22,1
CUST_006,2025-02-23,65.99,0
CUST_085,2025-02-23,74.35,0
CUST_007,2025-02-23,71.57,0
CUST_088,2025-02-23,74.89,0
CUST_119,2025-02-23,84.68,0
CUST_014,2025-02-23,66.26,0
CUST_006,2025-02-23,63.74,0
CUST_051,2025-02-24,47.06,0
CUST_145,2025-02-24,47.44,1
CUST_015,2025-02-24,32.62,0
CUST_125,2025-02-24,53.24,1
CUST_140,2025-02-24,67.74,0
CUST_050,2025-02-25,47.17,0
CUST_146,2025-02-25,41.72,0
CUST_047,2025-02-25,50.64,0
CUST_138,2025-02-25,36.87,0
CUST_133,2025-02-25,48.26,1
CUST_114,2025-02-26,39.13,0
CUST_113,2025-02-26,58.12,0
CUST_124,2025-02-26,49.11,1
CUST_004,2025-02-26,41.22,0
CUST_072,2025-02-26,48.23,1
CUST_147,2025-02-27,30.16,0
CUST_138,2025-02-27,36.03,0
CUST_064,2025-02-27,41.07,0
CUST_101,2025-02-27,41.75,0
CUST_118,2025-02-27,59.71,0
CUST_032,2025-02-27,47.0,0
CUST_064,2025-02-27,77.91,0
CUST_008,2025-02-27,43.53,0
CUST_139,2025-02-27,54.15,1
CUST_030,2025-02-28,30.92,0
CUST_065,2025-02-28,47.6,1
CUST_008,2025-02-28,69.34,0
CUST_090,2025-02-28,52.6,0
CUST_139,2025-03-01,127.37,1
CUST_134,2025-03-01,96.34,1
CUST_144,2025-03-01,69.09,0
CUST_031,2025-03-01,62.89,0
CUST_013,2025-03-01,79.74,0
CUST_043,2025-03-01,77.03,1
CUST_080,2025-03-01,79.89,0
CUST_068,2025-03-01,67.36,0
CUST_118,2025-03-02,64.31,0
CUST_141,2025-03-02,61.14,0
CUST_146,2025-03-02,66.06,0
CUST_049,2025-03-02,77.21,1
CUST_040,2025-03-02,65.6,0
CUST_118,2025-03-02,90.19,1
CUST_011,2025-03-03,45.03,0
CUST_147,2025-03-03,73.26,1
CUST_141,2025-03-03,67.03,1
CUST_121,2025-03-03,43.0,0
CUST_030,2025-03-03,34.11,0
CUST_147,2025-03-03,58.93,1
CUST_019,2025-03-03,31.77,0
CUST_134,2025-03-03,45.43,0
CUST_012,2025-03-03,60.25,0
CUST_129,2025-03-03,32.38,0
CUST_047,2025-03-03,74.03,1
CUST_101,2025-03-04,46.63,1
CUST_060,2025-03-04,34.82,0
CUST_011,2025-03-04,42.8,0
CUST_025,2025-03-04,51.78,1
CUST_070,2025-03-04,60.44,1
CUST_149,2025-03-04,31.67,0
CUST_146,2025-03-04,81.96,1
CUST_012,2025-03-04,47.28,1
CUST_046,2025-03-04,31.21,0
CUST_092,2025-03-04,31.34,0
CUST_069,2025-03-04,38.8,0
CUST_050,2025-03-04,31.45,0
CUST_078,2025-03-05,55.51,1
CUST_097,2025-03-05,45.51,1
CUST_098,2025-03-05,33.0,0
CUST_086,2025-03-05,31.85,0
CUST_092,2025-03-05,40.82,0
CUST_002,2025-03-06,30.16,0
CUST_037,2025-03-06,49.41,0
CUST_025,2025-03-06,36.37,0
CUST_088,2025-03-06,34.5,0
CUST_022,2025-03-06,48.3,1
CUST_001,2025-03-06,32.93,0
CUST_149,2025-03-07,36.91,0
CUST_044,2025-03-07,57.66,0
CUST_092,2025-03-07,46.34,1
CUST_073,2025-03-07,55.07,1
CUST_022,2025-03-07,30.72,0
CUST_014,2025-03-08,77.93,1
CUST_097,2025-03-08,88.2,0
CUST_130,2025-03-08,77.85,1
CUST_080,2025-03-08,60.17,0
CUST_098,2025-03-08,78.92,0
CUST_060,2025-03-09,70.97,0
CUST_105,2025-03-09,70.68,0
CUST_146,2025-03-09,60.13,0
CUST_049,2025-03-09,75.21,0
CUST_028,2025-03-09,86.2,1
CUST_047,2025-03-09,82.62,1
CUST_072,2025-03-10,31.04,0
CUST_087,2025-03-10,67.19,1
CUST_025,2025-03-10,46.65,1
CUST_131,2025-03-10,30.21,0
CUST_110,2025-03-10,33.74,0
CUST_093,2025-03-10,42.12,0
CUST_027,2025-03-10,47.45,1
CUST_008,2025-03-10,52.55,1
CUST_045,2025-03-10,32.33,0
CUST_014,2025-03-11,30.92,0
CUST_118,2025-03-11,35.69,0
CUST_120,2025-03-11,70.01,0
CUST_029,2025-03-11,36.04,0
CUST_077,2025-03-11,48.28,1
CUST_036,2025-03-11,37.89,0
CUST_148,2025-03-12,58.18,1
CUST_062,2025-03-12,34.56,0
CUST_044,2025-03-12,33.04,0
CUST_029,2025-03-12,45.12,1
CUST_094,2025-03-13,60.92,1
CUST_117,2025-03-13,58.57,1
CUST_019,2025-03-13,34.68,0
CUST_146,2025-03-13,31.3,0
CUST_115,2025-03-13,46.4,0
CUST_049,2025-03-13,38.15,0
CUST_049,2025-03-14,33.92,0
CUST_033,2025-03-14,40.56,0
CUST_088,2025-03-14,30.8,0
CUST_020,2025-03-15,62.87,0
CUST_087,2025-03-15,66.47,0
CUST_125,2025-03-15,82.59,1
CUST_116,2025-03-15,70.67,0
CUST_115,2025-03-15,116.26,0
CUST_034,2025-03-15,78.4,1
CUST_108,2025-03-16,102.86,0
CUST_115,2025-03-16,76.88,1
CUST_115,2025-03-16,102.53,1
CUST_092,2025-03-16,61.41,0
CUST_106,2025-03-16,89.23,1
CUST_066,2025-03-16,69.84,0
CUST_124,2025-03-16,108.98,1
CUST_004,2025-03-16,80.36,1
CUST_015,2025-03-16,63.74,0
CUST_050,2025-03-17,31.22,0
CUST_048,2025-03-17,74.95,0
CUST_006,2025-03-17,49.17,0
CUST_012,2025-03-17,30.19,0
CUST_146,2025-03-17,32.71,0
CUST_082,2025-03-18,44.61,0
CUST_121,2025-03-19,47.63,0
CUST_002,2025-03-19,31.4,0
CUST_088,2025-03-19,90.5,1
CUST_136,2025-03-19,59.52,1
CUST_130,2025-03-19,63.45,1
CUST_025,2025-03-20,32.63,0
CUST_118,2025-03-20,38.79,0
CUST_149,2025-03-20,48.74,1
CUST_080,2025-03-20,52.18,1
CUST_090,2025-03-21,46.01,1
CUST_056,2025-03-21,57.38,1
CUST_045,2025-03-21,50.83,1
CUST_128,2025-03-22,88.73,1
CUST_068,2025-03-22,78.85,1
CUST_104,2025-03-22,83.36,0
CUST_082,2025-03-22,63.45,0
CUST_022,2025-03-22,69.52,0
CUST_147,2025-03-22,75.15,0
CUST_145,2025-03-22,96.33,1
CUST_046,2025-03-23,64.31,0
CUST_120,2025-03-23,65.44,0
CUST_120,2025-03-23,80.87,1
CUST_119,2025-03-23,60.46,0
CUST_021,2025-03-23,62.54,0
CUST_109,2025-03-24,30.28,0
CUST_010,2025-03-24,39.75,0
CUST_078,2025-03-24,40.54,0
CUST_105,2025-03-24,45.41,0
CUST_003,2025-03-24,37.2,0
CUST_010,2025-03-25,47.92,1
CUST_055,2025-03-25,39.77,0
CUST_063,2025-03-25,54.16,1
CUST_035,2025-03-25,43.84,0
CUST_092,2025-03-25,39.58,0
CUST_011,2025-03-25,33.31,0
CUST_052,2025-03-25,48.26,1
CUST_085,2025-03-25,51.8,1
CUST_129,2025-03-26,32.46,0
CUST_048,2025-03-26,50.46,1
CUST_126,2025-03-26,67.04,0
CUST_053,2025-03-26,34.49,0
CUST_136,2025-03-27,30.55,0
CUST_060,2025-03-27,54.96,1
CUST_096,2025-03-27,43.78,0
CUST_081,2025-03-27,51.34,0
CUST_105,2025-03-27,32.57,0
CUST_027,2025-03-27,43.11,0
CUST_131,2025-03-27,56.16,0
CUST_139,2025-03-27,36.17,0
CUST_022,2025-03-27,30.63,0
CUST_107,2025-03-27,72.87,1
CUST_069,2025-03-27,48.02,0
CUST_079,2025-03-28,50.73,0
CUST_032,2025-03-29,73.58,0
CUST_141,2025-03-29,61.82,0
CUST_098,2025-03-29,85.77,0
CUST_113,2025-03-29,67.81,0
CUST_060,2025-03-30,60.57,0
CUST_099,2025-03-30,70.04,0
CUST_004,2025-03-30,72.48,0
CUST_046,2025-03-30,62.43,0
CUST_083,2025-03-30,72.88,0
CUST_093,2025-03-30,80.77,1
CUST_150,2025-03-31,52.02,1
CUST_129,2025-03-31,34.54,0
CUST_061,2025-03-31,52.06,0
CUST_142,2025-03-31,50.55,1
CUST_029,2025-03-31,30.13,0
CUST_126,2025-03-31,30.44,0
CUST_007,2025-03-31,49.05,1
CUST_084,2025-03-31,54.24,1
CUST_045,2025-03-31,73.17,1
CUST_006,2025-03-31,37.19,0
CUST_009,2025-03-31,53.19,0
CUST_105,2025-03-31,52.41,1
CUST_078,2025-03-31,33.61,0
CUST_089,2025-03-31,45.42,1
CUST_120,2025-04-01,34.62,0
CUST_047,2025-04-01,44.85,0
CUST_123,2025-04-01,48.48,1
CUST_047,2025-04-02,32.44,0
CUST_079,2025-04-02,40.34,0
CUST_094,2025-04-02,34.26,0
CUST_060,2025-04-02,46.72,1
CUST_064,2025-04-02,38.01,0
CUST_098,2025-04-02,44.02,0
CUST_128,2025-04-02,35.8,0
CUST_047,2025-04-02,58.68,0
CUST_147,2025-04-02,33.33,0
CUST_004,2025-04-03,35.99,0
CUST_074,2025-04-03,43.69,0
CUST_134,2025-04-03,37.14,0
CUST_049,2025-04-03,30.07,0
CUST_045,2025-04-03,30.06,0
CUST_027,2025-04-03,46.82,1
CUST_042,2025-04-03,30.96,0
CUST_020,2025-04-03,32.39,0
CUST_019,2025-04-04,35.81,0
CUST_055,2025-04-04,36.62,0
CUST_065,2025-04-04,82.31,1
CUST_099,2025-04-04,39.02,0
CUST_046,2025-04-04,34.55,0
CUST_125,2025-04-04,45.98,1
CUST_055,2025-04-04,50.45,0
CUST_143,2025-04-05,76.32,1
CUST_131,2025-04-05,93.19,0
CUST_144,2025-04-05,71.84,0
CUST_093,2025-04-05,60.53,0
CUST_058,2025-04-05,61.49,0
CUST_093,2025-04-05,83.47,1
CUST_089,2025-04-05,63.82,0
CUST_132,2025-04-05,65.51,0
CUST_086,2025-04-05,81.92,1
CUST_054,2025-04-06,80.61,1
CUST_071,2025-04-06,63.81,0
CUST_127,2025-04-06,62.91,0
CUST_013,2025-04-06,73.07,0
CUST_064,2025-04-06,75.17,0
CUST_118,2025-04-06,89.47,1
CUST_018,2025-04-06,75.58,0
CUST_113,2025-04-06,64.86,0
CUST_065,2025-04-07,31.35,0
CUST_039,2025-04-07,48.83,0
CUST_040,2025-04-07,46.1,0
CUST_052,2025-04-07,33.55,0
CUST_137,2025-04-07,54.94,1
CUST_037,2025-04-08,81.59,1
CUST_013,2025-04-08,64.91,1
CUST_123,2025-04-08,48.63,0
CUST_131,2025-04-08,36.53,0
CUST_117,2025-04-09,50.3,0
CUST_150,2025-04-09,32.21,0
CUST_115,2025-04-09,48.62,1
CUST_012,2025-04-09,49.68,1
CUST_039,2025-04-09,30.69,0
CUST_012,2025-04-09,30.26,0
CUST_133,2025-04-09,31.09,0
CUST_037,2025-04-09,34.26,0
CUST_077,2025-04-09,50.64,0
CUST_097,2025-04-09,54.55,1
CUST_100,2025-04-09,39.64,0
CUST_058,2025-04-09,34.64,0
CUST_028,2025-04-09,53.34,0
CUST_063,2025-04-10,47.49,1
CUST_051,2025-04-10,38.08,0
CUST_009,2025-04-10,52.85,0
CUST_042,2025-04-10,72.11,0
CUST_135,2025-04-10,60.16,1
CUST_139,2025-04-10,62.68,1
CUST_092,2025-04-11,53.27,1
CUST_122,2025-04-11,53.39,0
CUST_130,2025-04-11,50.28,1
CUST_068,2025-04-11,48.51,1
CUST_084,2025-04-11,39.26,0
CUST_029,2025-04-11,69.1,1
CUST_010,2025-04-11,32.51,0
CUST_117,2025-04-11,45.8,1
CUST_054,2025-04-11,32.17,0
CUST_008,2025-04-11,36.65,0
CUST_019,2025-04-12,60.32,0
CUST_126,2025-04-12,79.39,0
CUST_087,2025-04-13,70.62,0
CUST_032,2025-04-13,62.4,0
CUST_058,2025-04-13,70.29,0
CUST_074,2025-04-13,67.91,0
CUST_051,2025-04-13,81.57,0
CUST_001,2025-04-13,84.87,1
CUST_092,2025-04-14,54.84,0
CUST_124,2025-04-14,81.88,0
CUST_074,2025-04-14,45.52,1
CUST_080,2025-04-14,31.81,0
CUST_047,2025-04-14,47.31,1
CUST_045,2025-04-14,58.21,1
CUST_138,2025-04-14,32.64,0
CUST_101,2025-04-14,48.83,1
CUST_021,2025-04-14,32.97,0
CUST_063,2025-04-14,39.3,0
CUST_093,2025-04-14,47.05,1
CUST_110,2025-04-14,50.55,1
CUST_095,2025-04-14,32.2,0
CUST_029,2025-04-14,56.49,0
CUST_132,2025-04-14,42.94,0
CUST_041,2025-04-15,65.14,0
CUST_134,2025-04-15,31.2,0
CUST_080,2025-04-15,34.15,0
CUST_073,2025-04-15,32.52,0
CUST_029,2025-04-15,36.11,0
CUST_141,2025-04-15,32.91,0
CUST_051,2025-04-16,58.16,0
CUST_008,2025-04-16,32.56,0
CUST_140,2025-04-16,49.65,0
CUST_084,2025-04-16,82.38,1
CUST_017,2025-04-17,40.98,0
CUST_144,2025-04-17,39.81,0
CUST_100,2025-04-17,46.42,1
CUST_046,2025-04-17,30.8,0
CUST_119,2025-04-18,38.67,0
CUST_070,2025-04-18,48.46,1
CUST_067,2025-04-18,40.61,0
CUST_025,2025-04-18,48.11,1
CUST_111,2025-04-18,38.78,0
CUST_029,2025-04-19,73.49,0
CUST_035,2025-04-19,80.84,1
CUST_116,2025-04-19,60.94,0
CUST_005,2025-04-19,71.96,0
CUST_076,2025-04-19,72.03,0
CUST_126,2025-04-19,75.47,1
CUST_101,2025-04-19,61.63,0
CUST_119,2025-04-19,83.13,1
CUST_141,2025-04-19,60.97,0
CUST_003,2025-04-20,76.43,1
CUST_054,2025-04-20,68.54,0
CUST_122,2025-04-20,63.17,0
CUST_112,2025-04-21,45.45,0
CUST_058,2025-04-21,61.3,1
CUST_077,2025-04-21,37.3,0
CUST_125,2025-04-21,31.74,0
CUST_059,2025-04-21,38.91,0
CUST_059,2025-04-21,36.93,0
CUST_149,2025-04-21,53.35,1
CUST_008,2025-04-21,30.06,0
CUST_067,2025-04-21,52.67,1
CUST_009,2025-04-21,60.31,1
CUST_149,2025-04-21,46.37,1
CUST_031,2025-04-22,34.03,0
CUST_120,2025-04-22,37.94,0
CUST_117,2025-04-22,30.17,0
CUST_054,2025-04-22,49.77,0
CUST_100,2025-04-22,39.17,0
CUST_058,2025-04-23,31.42,0
CUST_149,2025-04-23,33.63,0
CUST_089,2025-04-23,59.83,1
CUST_032,2025-04-23,66.68,1
CUST_143,2025-04-23,45.8,1
CUST_105,2025-04-23,50.72,1
CUST_108,2025-04-23,47.83,1
CUST_016,2025-04-23,57.54,1
CUST_026,2025-04-23,43.14,0
CUST_059,2025-04-23,42.47,0
CUST_075,2025-04-23,45.36,1
CUST_014,2025-04-23,38.51,0
CUST_122,2025-04-23,38.89,0
CUST_146,2025-04-23,49.31,1
CUST_032,2025-04-24,54.08,1
CUST_072,2025-04-24,33.28,0
CUST_150,2025-04-24,72.55,0
CUST_059,2025-04-24,31.42,0
CUST_103,2025-04-25,50.15,1
CUST_125,2025-04-25,36.19,0
CUST_002,2025-04-25,32.49,0
CUST_021,2025-04-25,30.85,0
CUST_114,2025-04-25,32.46,0
CUST_063,2025-04-25,39.99,0
CUST_067,2025-04-25,49.16,1
CUST_102,2025-04-25,59.61,0
CUST_091,2025-04-25,37.87,0
CUST_098,2025-04-26,60.43,0
CUST_049,2025-04-26,62.28,0
CUST_004,2025-04-26,61.0,0
CUST_052,2025-04-26,78.67,1
CUST_067,2025-04-26,63.83,0
CUST_145,2025-04-27,88.54,0
CUST_149,2025-04-27,75.05,1
CUST_037,2025-04-27,109.19,1
CUST_035,2025-04-27,89.81,1
CUST_006,2025-04-27,69.65,0
CUST_001,2025-04-27,78.49,1
CUST_001,2025-04-27,78.94,0
CUST_039,2025-04-27,63.5,0
CUST_114,2025-04-27,88.08,0
CUST_011,2025-04-27,88.4,0
CUST_149,2025-04-28,52.18,1
CUST_035,2025-04-28,73.39,1
CUST_027,2025-04-28,46.84,1
CUST_094,2025-04-28,64.63,0
CUST_066,2025-04-28,45.46,1
CUST_112,2025-04-28,52.18,0
CUST_033,2025-04-28,45.86,1
CUST_111,2025-04-28,33.19,0
CUST_099,2025-04-28,54.41,0
CUST_029,2025-04-28,35.36,0
CUST_104,2025-04-28,61.24,1
CUST_032,2025-04-29,48.07,1
CUST_089,2025-04-29,38.22,0
CUST_089,2025-04-29,70.93,0
CUST_025,2025-04-30,45.01,1
CUST_126,2025-04-30,51.59,0
CUST_084,2025-04-30,31.81,0
CUST_011,2025-04-30,64.15,1
CUST_005,2025-04-30,33.67,0
CUST_068,2025-05-01,64.46,1
CUST_044,2025-05-01,44.01,0
CUST_008,2025-05-01,32.15,0
CUST_019,2025-05-01,56.36,1
CUST_084,2025-05-02,31.13,0
CUST_038,2025-05-02,48.32,1
CUST_105,2025-05-02,51.32,1
CUST_007,2025-05-02,50.08,1
CUST_008,2025-05-02,56.89,1
CUST_078,2025-05-02,49.87,1
CUST_025,2025-05-02,52.25,0
CUST_103,2025-05-03,80.27,1
CUST_034,2025-05-03,60.08,0
CUST_118,2025-05-03,63.53,0
CUST_094,2025-05-03,87.36,0
CUST_026,2025-05-03,70.35,0
CUST_074,2025-05-03,77.02,1
CUST_089,2025-05-03,76.44,0
CUST_015,2025-05-04,82.89,1
CUST_081,2025-05-04,87.12,0
CUST_121,2025-05-04,108.0,0
CUST_130,2025-05-04,66.96,0
CUST_014,2025-05-04,83.92,1
CUST_011,2025-05-04,66.15,0
CUST_150,2025-05-05,30.43,0
CUST_004,2025-05-05,48.31,0
CUST_015,2025-05-06,50.38,1
CUST_106,2025-05-06,53.78,0
CUST_012,2025-05-06,37.07,0
CUST_073,2025-05-06,32.4,0
CUST_137,2025-05-06,48.36,1
CUST_031,2025-05-06,39.67,0
CUST_005,2025-05-06,40.6,0
CUST_014,2025-05-07,54.41,0
CUST_011,2025-05-07,50.44,1
CUST_096,2025-05-07,32.65,0
CUST_089,2025-05-07,35.15,0
CUST_001,2025-05-07,46.37,1
CUST_123,2025-05-08,36.22,0
CUST_122,2025-05-08,45.61,0
CUST_096,2025-05-08,54.41,1
CUST_057,2025-05-08,38.79,0
CUST_102,2025-05-08,35.04,0
CUST_003,2025-05-08,30.65,0
CUST_123,2025-05-08,34.61,0
CUST_102,2025-05-08,35.36,0
CUST_040,2025-05-08,35.21,0
CUST_117,2025-05-09,47.27,1
CUST_062,2025-05-09,49.77,1
CUST_068,2025-05-09,60.58,1
CUST_012,2025-05-09,50.52,0
CUST_073,2025-05-09,59.21,1
CUST_037,2025-05-09,31.19,0
CUST_093,2025-05-09,30.78,0
CUST_015,2025-05-09,35.04,0
CUST_097,2025-05-10,64.94,0
CUST_022,2025-05-10,86.68,0
CUST_007,2025-05-10,64.83,0
CUST_064,2025-05-10,68.33,0
CUST_026,2025-05-10,71.19,0
CUST_066,2025-05-10,76.38,1
CUST_119,2025-05-10,65.38,0
CUST_115,2025-05-10,67.58,0
CUST_020,2025-05-10,82.41,1
CUST_135,2025-05-10,73.97,0
CUST_124,2025-05-10,75.88,1
CUST_007,2025-05-10,60.72,0
CUST_092,2025-05-11,84.25,0
CUST_064,2025-05-11,77.65,0
CUST_047,2025-05-11,65.24,0
CUST_008,2025-05-11,88.45,1
CUST_140,2025-05-11,63.52,0
CUST_039,2025-05-11,62.99,0
CUST_076,2025-05-11,67.83,0
CUST_039,2025-05-12,51.25,1
CUST_125,2025-05-12,43.84,0
CUST_056,2025-05-12,41.17,0
CUST_098,2025-05-12,43.49,0
CUST_120,2025-05-12,35.53,0
CUST_019,2025-05-12,77.77,1
CUST_148,2025-05-12,61.08,1
CUST_108,2025-05-12,63.11,1
CUST_026,2025-05-13,45.21,0
CUST_051,2025-05-13,44.59,0
CUST_021,2025-05-13,35.77,0
CUST_137,2025-05-13,37.93,0
CUST_117,2025-05-13,59.85,1
CUST_102,2025-05-13,45.78,0
CUST_142,2025-05-13,46.52,1
CUST_067,2025-05-14,39.64,0
CUST_055,2025-05-14,34.39,0
CUST_092,2025-05-14,38.7,0
CUST_005,2025-05-14,34.12,0
CUST_077,2025-05-14,49.63,0
CUST_057,2025-05-14,45.93,1
CUST_061,2025-05-14,33.73,0
CUST_130,2025-05-14,65.04,1
CUST_035,2025-05-15,34.4,0
CUST_087,2025-05-15,32.94,0
CUST_046,2025-05-15,36.18,0
CUST_086,2025-05-15,44.12,0
CUST_114,2025-05-15,56.93,0
CUST_062,2025-05-15,40.63,0
CUST_032,2025-05-15,56.27,1
CUST_002,2025-05-16,47.37,1
CUST_085,2025-05-16,42.75,0
CUST_075,2025-05-16,52.27,1
CUST_052,2025-05-16,39.26,0
CUST_084,2025-05-16,46.3,1
CUST_120,2025-05-16,52.91,0
CUST_082,2025-05-16,33.26,0
CUST_115,2025-05-17,81.2,1
CUST_055,2025-05-17,60.22,0
CUST_031,2025-05-17,61.49,0
CUST_058,2025-05-17,64.27,0
CUST_032,2025-05-17,72.05,0
CUST_079,2025-05-17,64.75,0
CUST_144,2025-05-17,77.34,1
CUST_143,2025-05-17,84.65,0
CUST_111,2025-05-17,78.54,1
CUST_021,2025-05-18,61.7,0
CUST_143,2025-05-18,80.61,1
CUST_034,2025-05-18,65.87,0
CUST_007,2025-05-18,98.35,1
CUST_060,2025-05-18,63.76,0
CUST_037,2025-05-19,32.01,0
CUST_049,2025-05-19,40.16,0
CUST_146,2025-05-19,58.57,0
CUST_041,2025-05-20,32.12,0
CUST_135,2025-05-20,59.29,1
CUST_124,2025-05-20,35.72,0
CUST_067,2025-05-20,75.81,0
CUST_133,2025-05-20,31.27,0
CUST_049,2025-05-20,32.32,0
CUST_044,2025-05-20,32.23,0
CUST_097,2025-05-21,31.18,0
CUST_042,2025-05-21,33.9,0
CUST_018,2025-05-21,34.09,0
CUST_047,2025-05-21,48.5,1
CUST_090,2025-05-21,46.24,1
CUST_119,2025-05-21,34.72,0
CUST_148,2025-05-21,38.5,0
CUST_005,2025-05-21,40.0,0
CUST_107,2025-05-22,60.82,1
CUST_099,2025-05-22,58.79,1
CUST_143,2025-05-22,46.25,1
CUST_037,2025-05-22,39.21,0
CUST_074,2025-05-22,70.91,1
CUST_096,2025-05-22,41.09,0
CUST_111,2025-05-23,52.59,1
CUST_060,2025-05-23,30.56,0
CUST_118,2025-05-23,52.41,0
CUST_103,2025-05-23,49.08,0
CUST_020,2025-05-23,40.43,0
CUST_065,2025-05-23,54.22,1
CUST_015,2025-05-24,64.36,0
CUST_075,2025-05-24,62.83,0
CUST_070,2025-05-24,61.17,0
CUST_093,2025-05-24,76.69,1
CUST_003,2025-05-24,68.7,0
CUST_108,2025-05-24,73.59,0
CUST_131,2025-05-24,60.06,0
CUST_037,2025-05-24,66.46,0
CUST_069,2025-05-24,66.21,0
CUST_007,2025-05-24,63.04,0
CUST_078,2025-05-25,73.86,0
CUST_081,2025-05-25,76.1,0
CUST_048,2025-05-25,62.28,0
CUST_125,2025-05-25,90.9,1
CUST_052,2025-05-25,87.98,1
CUST_075,2025-05-25,67.41,0
CUST_017,2025-05-25,70.43,0
CUST_041,2025-05-25,101.22,1
CUST_145,2025-05-25,77.36,0
CUST_123,2025-05-25,79.52,0
CUST_008,2025-05-25,89.94,0
CUST_079,2025-05-26,48.26,1
CUST_037,2025-05-26,35.3,0
CUST_114,2025-05-26,32.1,0
CUST_027,2025-05-26,49.53,1
CUST_107,2025-05-26,53.16,1
CUST_149,2025-05-26,61.37,1
CUST_147,2025-05-26,60.14,1
CUST_018,2025-05-27,36.51,0
CUST_007,2025-05-27,31.36,0
CUST_005,2025-05-27,37.22,0
CUST_108,2025-05-27,35.96,0
CUST_027,2025-05-27,34.71,0
CUST_082,2025-05-27,33.48,0
CUST_108,2025-05-27,58.57,0
CUST_061,2025-05-27,49.96,1
CUST_055,2025-05-27,35.91,0
CUST_129,2025-05-27,52.4,0
CUST_002,2025-05-28,36.08,0
CUST_061,2025-05-28,62.48,1
CUST_141,2025-05-28,75.3,0
CUST_063,2025-05-28,54.3,1
CUST_034,2025-05-28,30.73,0
CUST_088,2025-05-28,36.23,0
CUST_010,2025-05-28,37.06,0
CUST_044,2025-05-29,47.74,1
CUST_013,2025-05-29,45.78,1
CUST_150,2025-05-29,36.94,0
CUST_098,2025-05-29,58.79,1
CUST_078,2025-05-29,56.96,0
CUST_145,2025-05-30,53.67,1
CUST_104,2025-05-30,73.31,1
CUST_044,2025-05-30,39.85,0
CUST_055,2025-05-30,47.42,1
CUST_141,2025-05-30,40.56,0
CUST_148,2025-05-31,87.31,1
CUST_024,2025-05-31,79.09,1
CUST_031,2025-05-31,76.57,0
CUST_127,2025-05-31,82.44,0
CUST_132,2025-05-31,87.38,1
CUST_049,2025-05-31,66.43,0
CUST_010,2025-05-31,79.67,1
CUST_073,2025-05-31,60.24,0
CUST_045,2025-05-31,65.36,0
CUST_133,2025-05-31,60.8,0
CUST_055,2025-05-31,79.88,0
CUST_003,2025-06-01,102.95,1
CUST_132,2025-06-01,68.59,0
CUST_083,2025-06-01,65.78,0
CUST_129,2025-06-01,69.6,0
CUST_012,2025-06-01,68.05,0
CUST_030,2025-06-01,79.26,1
CUST_046,2025-06-01,65.68,0
CUST_110,2025-06-01,67.17,0
CUST_077,2025-06-01,89.2,1
CUST_050,2025-06-01,64.41,0
CUST_088,2025-06-01,64.52,0
CUST_012,2025-06-01,76.92,0
CUST_012,2025-06-01,80.85,1
CUST_124,2025-06-02,92.62,1
CUST_110,2025-06-02,42.89,0
CUST_001,2025-06-02,45.82,0
CUST_026,2025-06-02,38.71,0
CUST_017,2025-06-02,35.34,0
CUST_077,2025-06-02,36.34,0
CUST_126,2025-06-03,36.59,0
CUST_115,2025-06-03,47.25,1
CUST_131,2025-06-03,45.09,1
CUST_010,2025-06-03,52.54,1
CUST_102,2025-06-03,47.99,0
CUST_007,2025-06-03,45.96,0
CUST_135,2025-06-03,50.61,0
CUST_009,2025-06-03,43.33,0
CUST_114,2025-06-03,31.12,0
CUST_057,2025-06-04,38.57,0
CUST_129,2025-06-04,56.46,1
CUST_010,2025-06-04,36.54,0
CUST_138,2025-06-04,41.54,0
CUST_013,2025-06-04,61.79,1
CUST_100,2025-06-04,49.95,1
CUST_072,2025-06-04,41.93,0
CUST_056,2025-06-04,48.36,1
CUST_086,2025-06-05,36.02,0
CUST_029,2025-06-05,44.17,0
CUST_120,2025-06-06,48.16,0
CUST_102,2025-06-06,58.24,1
CUST_017,2025-06-06,47.35,0
CUST_062,2025-06-06,64.29,1
CUST_129,2025-06-06,46.73,0
CUST_040,2025-06-06,51.34,1
CUST_079,2025-06-06,35.84,0
CUST_068,2025-06-07,89.86,1
CUST_090,2025-06-07,76.75,0
CUST_010,2025-06-07,63.96,0
CUST_022,2025-06-07,86.5,1
CUST_103,2025-06-08,85.0,1
CUST_026,2025-06-08,78.19,1
CUST_021,2025-06-08,83.08,1
CUST_084,2025-06-08,63.32,0
CUST_056,2025-06-09,77.48,1
CUST_136,2025-06-09,42.56,0
CUST_082,2025-06-09,35.18,0
CUST_088,2025-06-09,34.89,0
CUST_121,2025-06-09,72.97,1
CUST_036,2025-06-09,48.78,1
CUST_036,2025-06-09,50.35,1
CUST_116,2025-06-09,36.62,0
CUST_081,2025-06-09,31.21,0
CUST_149,2025-06-10,30.63,0
CUST_058,2025-06-10,56.27,1
CUST_080,2025-06-10,47.22,1
CUST_055,2025-06-10,64.76,1
CUST_033,2025-06-10,52.4,1
CUST_018,2025-06-10,57.26,1
CUST_040,2025-06-10,67.23,1
CUST_062,2025-06-10,37.8,0
CUST_020,2025-06-10,46.53,1
CUST_096,2025-06-10,31.47,0
CUST_134,2025-06-10,35.91,0
CUST_089,2025-06-10,54.6,1
CUST_054,2025-06-10,37.97,0
CUST_068,2025-06-11,31.55,0
CUST_086,2025-06-11,65.61,1
CUST_011,2025-06-11,34.44,0
CUST_053,2025-06-11,40.16,0
CUST_113,2025-06-11,33.67,0
CUST_073,2025-06-11,65.37,1
CUST_098,2025-06-12,31.32,0
CUST_054,2025-06-12,33.39,0
CUST_100,2025-06-12,35.91,0
CUST_005,2025-06-12,61.82,0
CUST_076,2025-06-12,52.92,1
CUST_042,2025-06-12,47.52,0
CUST_119,2025-06-13,35.09,0
CUST_126,2025-06-13,43.08,0
CUST_002,2025-06-13,44.73,0
CUST_072,2025-06-13,34.88,0
CUST_134,2025-06-13,49.18,1
CUST_016,2025-06-13,47.63,1
CUST_028,2025-06-13,47.7,0
CUST_058,2025-06-13,53.3,0
CUST_062,2025-06-13,49.26,0
CUST_127,2025-06-13,35.22,0
CUST_031,2025-06-14,61.35,0
CUST_012,2025-06-14,71.93,0
CUST_042,2025-06-14,60.57,0
CUST_083,2025-06-14,76.23,1
CUST_103,2025-06-15,76.36,1
CUST_014,2025-06-15,68.4,0
CUST_148,2025-06-15,68.88,0
CUST_143,2025-06-15,70.45,0
CUST_070,2025-06-15,69.66,0
CUST_008,2025-06-15,78.76,1
CUST_093,2025-06-16,36.08,0
CUST_145,2025-06-16,34.04,0
CUST_078,2025-06-16,54.21,0
CUST_050,2025-06-16,47.57,1
CUST_077,2025-06-17,36.37,0
CUST_125,2025-06-17,43.92,0
CUST_040,2025-06-17,36.27,0
CUST_096,2025-06-17,34.69,0
CUST_002,2025-06-17,31.46,0
CUST_119,2025-06-17,54.73,0
CUST_130,2025-06-17,39.24,0
CUST_005,2025-06-18,35.64,0
CUST_070,2025-06-18,30.98,0
CUST_015,2025-06-18,43.18,0
CUST_014,2025-06-19,46.88,1
CUST_040,2025-06-19,38.73,0
CUST_039,2025-06-19,34.77,0
CUST_021,2025-06-19,44.84,0
CUST_057,2025-06-19,52.92,1
CUST_123,2025-06-19,32.71,0
CUST_150,2025-06-20,45.58,0
CUST_143,2025-06-20,30.97,0
CUST_032,2025-06-20,33.83,0
CUST_086,2025-06-20,31.35,0
CUST_080,2025-06-21,87.05,0
CUST_149,2025-06-21,78.27,1
CUST_053,2025-06-21,63.17,0
CUST_133,2025-06-21,73.78,0
CUST_059,2025-06-21,77.18,0
CUST_125,2025-06-21,65.07,0
CUST_104,2025-06-22,104.8,1
CUST_045,2025-06-22,62.14,0
CUST_065,2025-06-22,82.8,0
CUST_107,2025-06-22,66.03,0
CUST_029,2025-06-22,77.56,1
CUST_016,2025-06-22,95.8,1
CUST_028,2025-06-22,101.89,0
CUST_131,2025-06-23,47.43,1
CUST_097,2025-06-23,42.25,0
CUST_095,2025-06-24,68.83,1
CUST_036,2025-06-24,32.92,0
CUST_013,2025-06-24,30.05,0
CUST_072,2025-06-24,42.07,0
CUST_046,2025-06-24,30.81,0
CUST_120,2025-06-25,62.24,1
CUST_017,2025-06-25,33.6,0
CUST_138,2025-06-25,53.43,1
CUST_013,2025-06-26,50.06,1
CUST_134,2025-06-26,38.18,0
CUST_073,2025-06-26,42.03,0
CUST_031,2025-06-26,31.04,0
CUST_032,2025-06-26,33.08,0
CUST_122,2025-06-26,53.2,1
CUST_126,2025-06-26,36.92,0
CUST_117,2025-06-27,58.81,0
CUST_145,2025-06-27,49.26,1
CUST_124,2025-06-27,62.29,1
CUST_084,2025-06-27,30.44,0
CUST_099,2025-06-27,32.1,0
CUST_121,2025-06-27,48.47,0
CUST_080,2025-06-27,55.95,1
CUST_039,2025-06-28,64.24,0
CUST_003,2025-06-28,80.26,0
CUST_024,2025-06-28,62.32,0
CUST_043,2025-06-28,77.87,1
CUST_133,2025-06-28,60.85,0
CUST_007,2025-06-28,69.53,0
CUST_117,2025-06-28,75.45,1
CUST_116,2025-06-28,63.68,0
CUST_121,2025-06-28,79.23,1
CUST_054,2025-06-28,60.46,0
CUST_040,2025-06-28,65.29,0
CUST_004,2025-06-28,67.91,0
CUST_032,2025-06-28,70.44,0
CUST_050,2025-06-29,75.25,1
CUST_025,2025-06-29,71.36,0
CUST_037,2025-06-29,60.68,0
CUST_032,2025-06-29,89.72,1
CUST_049,2025-06-29,72.18,0
CUST_149,2025-06-29,60.8,0
CUST_029,2025-06-29,87.98,0
CUST_102,2025-06-29,62.51,0
CUST_072,2025-06-29,69.6,0
CUST_113,2025-06-29,91.89,1
