CustomerID,Recency,Frequency,Monetary,Recency_log,Frequency_log,Monetary_log,Cluster,Segment
CUST_001,28,6,367.42,3.367295829986474,1.9459101490553132,5.909223591724071,0,At-Risk / Low Spender
CUST_002,13,10,356.36,2.6390573296152584,2.3978952727983707,5.878743677043864,1,Regular Customer
CUST_003,2,8,532.71,1.0986122886681098,2.1972245773362196,6.279852620282592,2,VIP / High Spender
CUST_004,2,7,407.27,1.0986122886681098,2.0794415416798357,6.011928720240336,2,VIP / High Spender
CUST_005,12,11,542.56,2.5649493574615367,2.4849066497880004,6.298140096052297,1,Regular Customer
CUST_006,64,6,321.62,4.174387269895637,1.9459101490553132,5.776475160049642,0,At-Risk / Low Spender
CUST_007,2,12,710.41,1.0986122886681098,2.5649493574615367,6.5672489162049885,2,VIP / High Spender
CUST_008,15,15,828.97,2.772588722239781,2.772588722239781,6.7213895555590994,1,Regular Customer
CUST_009,27,7,391.55,3.332204510175204,2.0794415416798357,5.972663917644264,1,Regular Customer
CUST_010,23,11,523.44,3.1780538303479458,2.4849066497880004,6.262331026631201,1,Regular Customer
CUST_011,19,11,575.85,2.995732273553991,2.4849066497880004,6.3575822673732985,1,Regular Customer
CUST_012,16,16,915.55,2.833213344056216,2.833213344056216,6.820616621165374,1,Regular Customer
CUST_013,4,9,569.73,1.6094379124341003,2.302585092994046,6.346916243184019,2,VIP / High Spender
CUST_014,11,11,613.4200000000001,2.4849066497880004,2.4849066497880004,6.420678733386988,1,Regular Customer
CUST_015,12,9,480.11,2.5649493574615367,2.302585092994046,6.176095934188827,1,Regular Customer
CUST_016,8,4,293.77,2.1972245773362196,1.6094379124341003,5.68619539122915,0,At-Risk / Low Spender
CUST_017,5,11,581.44,1.791759469228055,2.4849066497880004,6.367226175842704,2,VIP / High Spender
CUST_018,20,6,315.25,3.044522437723423,1.9459101490553132,5.75653304004173,0,At-Risk / Low Spender
CUST_019,49,7,374.39,3.912023005428146,2.0794415416798357,5.927965485545073,1,Regular Customer
CUST_020,20,8,397.94,3.044522437723423,2.1972245773362196,5.988811029642418,1,Regular Customer
CUST_021,11,9,446.86,2.4849066497880004,2.302585092994046,6.104480683576686,1,Regular Customer
CUST_022,23,8,450.2,3.1780538303479458,2.1972245773362196,6.1119107001838495,1,Regular Customer
CUST_023,128,3,135.45,4.859812404361672,1.3862943611198906,4.9159582471543475,0,At-Risk / Low Spender
CUST_024,2,5,286.33,1.0986122886681098,1.791759469228055,5.660631381000218,0,At-Risk / Low Spender
CUST_025,1,11,499.03,0.6931471805599453,2.4849066497880004,6.214668096622264,2,VIP / High Spender
CUST_026,22,10,546.73,3.1354942159291497,2.3978952727983707,6.305782464801201,1,Regular Customer
CUST_027,34,7,346.07,3.5553480614894135,2.0794415416798357,5.849526488708907,0,At-Risk / Low Spender
CUST_028,8,5,359.27,2.1972245773362196,1.791759469228055,5.886853750340702,0,At-Risk / Low Spender
CUST_029,1,15,799.42,0.6931471805599453,2.772588722239781,6.685136589903642,2,VIP / High Spender
CUST_030,29,4,204.09,3.4011973816621555,1.6094379124341003,5.323448907185641,0,At-Risk / Low Spender
CUST_031,4,7,367.04,1.6094379124341003,2.0794415416798357,5.90819162791416,2,VIP / High Spender
CUST_032,1,15,839.73,0.6931471805599453,2.772588722239781,6.7342705620531635,2,VIP / High Spender
CUST_033,20,7,411.08,3.044522437723423,2.0794415416798357,6.021217505257329,1,Regular Customer
CUST_034,33,6,337.65,3.5263605246161616,1.9459101490553132,5.824967125660913,0,At-Risk / Low Spender
CUST_035,46,9,546.9,3.8501476017100584,2.302585092994046,6.30609278854437,1,Regular Customer
CUST_036,6,9,402.94,1.9459101490553132,2.302585092994046,6.0012663520802425,2,VIP / High Spender
CUST_037,1,14,770.4399999999999,0.6931471805599453,2.70805020110221,6.648258898202129,2,VIP / High Spender
CUST_038,59,4,168.49,4.0943445622221,1.6094379124341003,5.1327939280299635,0,At-Risk / Low Spender
CUST_039,2,12,595.72,1.0986122886681098,2.5649493574615367,6.391447991646908,2,VIP / High Spender
CUST_040,2,9,461.99,1.0986122886681098,2.302585092994046,6.13770545558085,2,VIP / High Spender
CUST_041,36,5,308.99,3.6109179126442243,1.791759469228055,5.736540038894374,0,At-Risk / Low Spender
CUST_042,16,9,464.43,2.833213344056216,2.302585092994046,6.142961709469677,1,Regular Customer
CUST_043,2,4,284.39,1.0986122886681098,1.6094379124341003,5.653856665886475,0,At-Risk / Low Spender
CUST_044,31,7,292.88,3.4657359027997265,2.0794415416798357,5.683171520752077,0,At-Risk / Low Spender
CUST_045,8,8,409.48,2.1972245773362196,2.1972245773362196,6.017327206633709,1,Regular Customer
CUST_046,6,11,564.51,1.9459101490553132,2.4849066497880004,6.337727978865784,2,VIP / High Spender
CUST_047,40,10,575.1800000000001,3.713572066704308,2.3978952727983707,6.356420111877936,1,Regular Customer
CUST_048,36,5,315.83,3.6109179126442243,1.791759469228055,5.758365352426493,0,At-Risk / Low Spender
CUST_049,1,12,612.26,0.6931471805599453,2.5649493574615367,6.41878898956904,2,VIP / High Spender
CUST_050,1,7,342.71000000000004,0.6931471805599453,2.0794415416798357,5.839798278573644,2,VIP / High Spender
CUST_051,48,5,269.46,3.8918202981106265,1.791759469228055,5.600124213045214,0,At-Risk / Low Spender
CUST_052,36,7,411.90999999999997,3.6109179126442243,2.0794415416798357,6.0232296515379815,1,Regular Customer
CUST_053,9,5,266.23,2.302585092994046,1.791759469228055,5.588109710809176,0,At-Risk / Low Spender
CUST_054,2,10,513.4300000000001,1.0986122886681098,2.3978952727983707,6.243059491596093,2,VIP / High Spender
CUST_055,20,11,559.38,3.044522437723423,2.4849066497880004,6.328615125032273,1,Regular Customer
CUST_056,21,6,333.03,3.091042453358316,1.9459101490553132,5.811230809302375,0,At-Risk / Low Spender
CUST_057,11,5,208.64,2.4849066497880004,1.791759469228055,5.345391773933965,0,At-Risk / Low Spender
CUST_058,17,8,432.98,2.8903717578961645,2.1972245773362196,6.072998450089244,1,Regular Customer
CUST_059,9,9,468.3,2.302585092994046,2.302585092994046,6.151242222800372,1,Regular Customer
CUST_060,38,12,615.44,3.6635616461296463,2.5649493574615367,6.423960994267177,1,Regular Customer
CUST_061,33,4,198.23,3.5263605246161616,1.6094379124341003,5.294459936220732,0,At-Risk / Low Spender
CUST_062,17,10,521.54,2.8903717578961645,2.3978952727983707,6.258701535932703,1,Regular Customer
CUST_063,33,7,355.53999999999996,3.5263605246161616,2.0794415416798357,5.876446435523715,0,At-Risk / Low Spender
CUST_064,50,7,420.4,3.9318256327243257,2.0794415416798357,6.043582501370088,1,Regular Customer
CUST_065,8,6,343.78,2.1972245773362196,1.9459101490553132,5.842906532466833,0,At-Risk / Low Spender
CUST_066,51,4,260.78,3.9512437185814275,1.6094379124341003,5.567504456363573,0,At-Risk / Low Spender
CUST_067,41,8,413.2,3.7376696182833684,2.1972245773362196,6.026348948961484,1,Regular Customer
CUST_068,19,9,535.52,2.995732273553991,2.302585092994046,6.28510384003389,1,Regular Customer
CUST_069,37,6,400.83,3.6375861597263857,1.9459101490553132,5.9960291136055615,0,At-Risk / Low Spender
CUST_070,12,6,313.85,2.5649493574615367,1.9459101490553132,5.752096334934752,0,At-Risk / Low Spender
CUST_071,85,1,63.81,4.454347296253507,0.6931471805599453,4.171459912439625,0,At-Risk / Low Spender
CUST_072,1,11,515.89,0.6931471805599453,2.4849066497880004,6.247830085913095,2,VIP / High Spender
CUST_073,4,10,554.44,1.6094379124341003,2.3978952727983707,6.319760592445018,2,VIP / High Spender
CUST_074,39,6,386.67999999999995,3.6888794541139363,1.9459101490553132,5.960180257068216,0,At-Risk / Low Spender
CUST_075,36,4,227.87,3.6109179126442243,1.6094379124341003,5.4331541567702475,0,At-Risk / Low Spender
CUST_076,18,7,421.23,2.9444389791664403,2.0794415416798357,6.045550189261224,1,Regular Customer
CUST_077,13,8,392.73,2.6390573296152584,2.1972245773362196,5.975665395199008,1,Regular Customer
CUST_078,14,9,479.49,2.70805020110221,2.302585092994046,6.174806416539255,1,Regular Customer
CUST_079,24,8,450.99,3.2188758248682006,2.1972245773362196,6.113660055693689,1,Regular Customer
CUST_080,3,9,479.05,1.3862943611198906,2.302585092994046,6.1738902651436325,2,VIP / High Spender
CUST_081,21,6,365.84999999999997,3.091042453358316,1.9459101490553132,5.904953045160003,0,At-Risk / Low Spender
CUST_082,21,10,499.40999999999997,3.091042453358316,2.3978952727983707,6.215427762405868,1,Regular Customer
CUST_083,16,3,214.89,2.833213344056216,1.3862943611198906,5.374769018708368,0,At-Risk / Low Spender
CUST_084,3,10,501.74,1.3862943611198906,2.3978952727983707,6.22007313785325,2,VIP / High Spender
CUST_085,45,6,325.67999999999995,3.828641396489095,1.9459101490553132,5.7889810984900745,0,At-Risk / Low Spender
CUST_086,10,9,448.74,2.3978952727983707,2.302585092994046,6.108669638008687,1,Regular Customer
CUST_087,46,8,444.55,3.8501476017100584,2.1972245773362196,6.099309474058729,1,Regular Customer
CUST_088,21,9,431.49,3.091042453358316,2.302585092994046,6.069559204717347,1,Regular Customer
CUST_089,20,11,560.55,3.044522437723423,2.4849066497880004,6.330700817409045,1,Regular Customer
CUST_090,23,4,221.6,3.1780538303479458,1.6094379124341003,5.4053764388414445,0,At-Risk / Low Spender
CUST_091,66,4,206.72,4.204692619390966,1.6094379124341003,5.336191018976118,0,At-Risk / Low Spender
CUST_092,47,9,450.55,3.871201010907891,2.302585092994046,6.112686108696808,1,Regular Customer
CUST_093,14,10,597.48,2.70805020110221,2.3978952727983707,6.39439310756415,1,Regular Customer
CUST_094,58,4,247.17000000000002,4.07753744390572,1.6094379124341003,5.514113995199193,0,At-Risk / Low Spender
CUST_095,6,5,254.99,1.9459101490553132,1.791759469228055,5.545138381216603,0,At-Risk / Low Spender
CUST_096,13,8,332.15999999999997,2.6390573296152584,2.1972245773362196,5.8086228550671395,1,Regular Customer
CUST_097,7,9,496.61,2.0794415416798357,2.302585092994046,6.209816637686061,2,VIP / High Spender
CUST_098,18,11,556.08,2.9444389791664403,2.4849066497880004,6.322708856184891,1,Regular Customer
CUST_099,3,6,317.3,1.3862943611198906,1.9459101490553132,5.762994334288047,2,VIP / High Spender
CUST_100,18,6,280.53,2.9444389791664403,1.9459101490553132,5.640239013837417,0,At-Risk / Low Spender
CUST_101,72,6,278.49,4.290459441148391,1.9459101490553132,5.632966513779786,0,At-Risk / Low Spender
CUST_102,1,8,377.36,0.6931471805599453,2.1972245773362196,5.9358461233449695,2,VIP / High Spender
CUST_103,15,9,526.51,2.772588722239781,2.302585092994046,6.268167822516505,1,Regular Customer
CUST_104,8,7,479.96999999999997,2.1972245773362196,2.0794415416798357,6.175804898098298,1,Regular Customer
CUST_105,59,8,388.65999999999997,4.0943445622221,2.1972245773362196,5.965274564017741,1,Regular Customer
CUST_106,55,6,423.95,4.02535169073515,1.9459101490553132,6.051971514944635,0,At-Risk / Low Spender
CUST_107,8,6,365.89,2.1972245773362196,1.9459101490553132,5.905062075606864,0,At-Risk / Low Spender
CUST_108,34,11,664.76,3.5553480614894135,2.4849066497880004,6.500929245234631,1,Regular Customer
CUST_109,98,7,362.92,4.59511985013459,2.0794415416798357,5.896934063261749,0,At-Risk / Low Spender
CUST_110,28,6,284.77,3.367295829986474,1.9459101490553132,5.65518729147674,0,At-Risk / Low Spender
CUST_111,38,6,290.49,3.6635616461296463,1.9459101490553132,5.675005699884782,0,At-Risk / Low Spender
CUST_112,63,3,130.89,4.1588830833596715,1.3862943611198906,4.881968241837793,0,At-Risk / Low Spender
CUST_113,1,6,353.76,0.6931471805599453,1.9459101490553132,5.871441504508252,2,VIP / High Spender
CUST_114,27,9,405.0,3.332204510175204,2.302585092994046,6.0063531596017325,1,Regular Customer
CUST_115,27,8,586.72,3.332204510175204,2.1972245773362196,6.3762506440077455,1,Regular Customer
CUST_116,2,5,273.64,1.0986122886681098,1.791759469228055,5.615461149149437,0,At-Risk / Low Spender
CUST_117,2,10,561.41,1.0986122886681098,2.3978952727983707,6.33223112127721,2,VIP / High Spender
CUST_118,38,10,562.43,3.6635616461296463,2.3978952727983707,6.334043102160956,1,Regular Customer
CUST_119,13,12,660.24,2.6390573296152584,2.5649493574615367,6.494116860184811,1,Regular Customer
CUST_120,5,12,646.81,1.791759469228055,2.5649493574615367,6.473597443481311,2,VIP / High Spender
CUST_121,2,7,441.79,1.0986122886681098,2.0794415416798357,6.093095617020301,2,VIP / High Spender
CUST_122,4,9,451.2,1.6094379124341003,2.302585092994046,6.114124559843869,2,VIP / High Spender
CUST_123,11,8,394.13,2.4849066497880004,2.1972245773362196,5.979214824679064,1,Regular Customer
CUST_124,3,10,615.76,1.3862943611198906,2.3978952727983707,6.424479969303152,2,VIP / High Spender
CUST_125,9,11,572.02,2.302585092994046,2.4849066497880004,6.35092062011957,1,Regular Customer
CUST_126,4,9,481.01,1.6094379124341003,2.302585092994046,6.177964860723353,2,VIP / High Spender
CUST_127,17,3,180.57,2.8903717578961645,1.3862943611198906,5.201641254282576,0,At-Risk / Low Spender
CUST_128,89,4,258.57,4.499809670330265,1.6094379124341003,5.559026415748388,0,At-Risk / Low Spender
CUST_129,24,8,360.15,3.2188758248682006,2.1972245773362196,5.889293384496856,1,Regular Customer
CUST_130,13,13,726.05,2.6390573296152584,2.6390573296152584,6.588995250959495,1,Regular Customer
CUST_131,7,10,504.0,2.0794415416798357,2.3978952727983707,6.22455842927536,2,VIP / High Spender
CUST_132,29,4,264.42,3.4011973816621555,1.6094379124341003,5.581313477009103,0,At-Risk / Low Spender
CUST_133,2,8,377.58,1.0986122886681098,2.1972245773362196,5.936427411178073,2,VIP / High Spender
CUST_134,4,8,364.83,1.6094379124341003,2.1972245773362196,5.902168744622394,2,VIP / High Spender
CUST_135,27,5,296.21999999999997,3.332204510175204,1.791759469228055,5.694472605330423,0,At-Risk / Low Spender
CUST_136,21,9,393.17,3.091042453358316,2.302585092994046,5.97678228832184,1,Regular Customer
CUST_137,48,6,296.75,3.8918202981106265,1.9459101490553132,5.696254208235409,0,At-Risk / Low Spender
CUST_138,5,6,252.92,1.791759469228055,1.9459101490553132,5.537019256778099,0,At-Risk / Low Spender
CUST_139,81,6,393.89,4.406719247264253,1.9459101490553132,5.978607245105426,0,At-Risk / Low Spender
CUST_140,50,4,221.76999999999998,3.9318256327243257,1.6094379124341003,5.406139849076783,0,At-Risk / Low Spender
CUST_141,31,12,706.71,3.4657359027997265,2.5649493574615367,6.5620344052631,1,Regular Customer
CUST_142,48,5,255.67000000000002,3.8918202981106265,1.791759469228055,5.547791213108276,0,At-Risk / Low Spender
CUST_143,10,11,663.66,2.3978952727983707,2.4849066497880004,6.499275631713101,1,Regular Customer
CUST_144,44,8,553.61,3.8066624897703196,2.1972245773362196,6.318265164032464,1,Regular Customer
CUST_145,3,10,586.3100000000001,1.3862943611198906,2.3978952727983707,6.375552789456561,2,VIP / High Spender
CUST_146,42,10,525.73,3.7612001156935624,2.3978952727983707,6.266688083287628,1,Regular Customer
CUST_147,35,8,428.98,3.58351893845611,2.1972245773362196,6.063738695978002,1,Regular Customer
CUST_148,15,9,603.5,2.772588722239781,2.302585092994046,6.404401670054847,1,Regular Customer
CUST_149,1,16,838.53,0.6931471805599453,2.833213344056216,6.732842211435975,2,VIP / High Spender
CUST_150,10,10,504.29,2.3978952727983707,2.3978952727983707,6.225132521878404,1,Regular Customer
